"Tag","Options"
"database","header|name-formats|tags|events|people|families|citations|sources|places|objects|repositories|notes|bookmarks|namemaps"
"header","created|researcher|mediapath"
"created","@date|@version"
"researcher","resname|resaddr|reslocality|rescity|resstate|rescountry|respostal|resphone|resemail"
"name-formats","format"
"format","@number|@name|@fmt_str|@active"
"tags","tag"
"tag","@handle|@change|@name|@color|@priority"
"events","event"
"event","@handle|@change|@id|@priv|type|daterange|datespan|dateval|datestr|place|description|attribute|noteref|citationref|objref|tagref"
"people","@default|@home|person"
"person","@handle|@change|@id|@priv|gender|name|eventref|lds_ord|objref|address|attribute|url|childof|parentin|personref|noteref|citationref|tagref"
"families","family"
"family","@handle|@change|@id|@priv|rel|father|mother|eventref|lds_ord|objref|childref|attribute|noteref|daterange|datespan|dateval|datestr|citationref|tagref"
"citations","citation"
"citation","@handle|@change|@id|@priv|daterange|datespan|dateval|datestr|page|confidence|noteref|objref|srcattribute|sourceref|tagref"
"sources","source"
"source","@handle|@change|@id|@priv|stitle|sauthor|spubinfo|sabbrev|noteref|objref|srcattribute|reporef|tagref"
"places","placeobj"
"placeobj","@handle|@change|@id|@priv|@type|ptitle|code|pname|coord|placeref|location|objref|url|noteref|citationref|tagref"
"objects","object"
"object","@handle|@change|@id|@priv|file|attribute|noteref|daterange|datespan|dateval|datestr|citationref|tagref"
"repositories","repository"
"repository","@handle|@change|@id|@priv|rname|type|address|url|noteref|tagref"
"notes","note"
"note","@handle|@change|@id|@priv|@format|@type|text|style|tagref"
"bookmarks","bookmark"
"bookmark","@target|@hlink"
"@target","person|family|event|source|citation|place|media|repository|note"
"namemaps","map"
"map","@type|@key|@value"
"gender","M|F|U"
"name","@alt|@priv|@type|@sort|@display|first|call|surname|suffix|title|nick|familynick|group|daterange|datespan|dateval|datestr|noteref|citationref"
"surname","@prefix|@prim|@derivation|@connector"
"address","@priv|daterange|datespan|dateval|datestr|street|locality|city|county|state|country|postal|phone|noteref|citationref"
"daterange","@start|@stop|@quality|@cformat|@dualdated|@newyear"
"datespan","@start|@stop|@quality|@cformat|@dualdated|@newyear"
"dateval","@val|@cformat|@type|@quality|@dualdated|@newyear"
"datestr","@val"
"@quality","estimated|calculated"
"@dualdated","0|1"
"@type (for dateval)","before|after|about"
"childref","@hlink|@priv|@mrel|@frel|citationref|noteref"
"pname","@value|@lang|daterange|datespan|dateval|datestr"
"file","@src|@mime|@checksum|@description"
"style","@name|@value|range"
"@name (for style)","bold|italic|underline|fontface|fontsize|fontcolor|highlight|superscript|link"
"range","@start|@end"
"eventref","@hlink|@priv|@role|attribute|noteref|citationref"
"reporef","@hlink|@priv|@callno|@medium|noteref"
"attribute","@priv|@type|@value|citationref|noteref"
"url","@priv|@type|@href|@description"
"objref","@hlink|@priv|region|attribute|citationref|noteref"
"lds_ord","@priv|@type|daterange|datespan|dateval|datestr|temple|place|status|sealed_to|noteref|citationref"
"region","@corner1_x|@corner1_y|@corner2_x|@corner2_y"
"citationref","@hlink"
"personref","@hlink|@priv|@rel|citationref|noteref"
"sourceref","@hlink"
"noteref","@hlink"
"placeref","@hlink|daterange|datespan|dateval|datestr"
"tagref","@hlink"